,TOP 20 UNIGRAMS,TOP 20 BIGRAMS,TOP 20 TRIGRAMS
0,0,scale 1,type imageobject contenturl
1,important,position relative,imageobject contenturl https
2,3619,type imageobject,externalurl useexternalurl openinnewtab
3,webkittransform,imageobject contenturl,useexternalurl openinnewtab httpbuildquery
4,transform,contenturl https,openinnewtab httpbuildquery httpbuildqueryselectively
5,https,3b 0a,httpbuildquery httpbuildqueryselectively httpbuildqueryselectivelyfields
6,scale,webkittransform scale,httpbuildqueryselectively httpbuildqueryselectivelyfields delayredirect
7,1,1 transform,scale 1 transform
8,div,transform scale,perspective 100px rotatex
9,3634,div nthchild,webkittransform scale 1
10,position,externalurl useexternalurl,1 transform scale
11,0A,useexternalurl openinnewtab,transform scale 1
12,3609,openinnewtab httpbuildquery,pageid externalurl useexternalurl
13,rotate,httpbuildquery httpbuildqueryselectively,httpbuildqueryselectivelyfields delayredirect aftersentscript
14,infinite,httpbuildqueryselectively httpbuildqueryselectivelyfields,delayredirect aftersentscript thankyoupageurl
15,relative,httpbuildqueryselectivelyfields delayredirect,infinite cubicbezier 2
16,type,aftersentscript thankyoupageurl,cubicbezier 2 68
17,var,100 webkittransform,2 68 18108
18,Exeter,exeter premedia,3610 3640 3619
19,3640,perspective 100px,3640 3619 3637
